semester,skema,title,link,ID,duration
E13/F14,Skema C,Komplekse Tal del1,https://video.dtu.dk/media/Komplekse+Tal+del1/0_nh2pvfdd/200597,0_nh2pvfdd,2450.84
E13/F14,Skema C,Komplekse Tal Del2,https://video.dtu.dk/media/Komplekse+Tal+Del2/0_dsb26q70/200597,0_dsb26q70,1907.48
E13/F14,Skema C,Komplekse Tal Del 1,https://video.dtu.dk/media/Komplekse+Tal+Del+1/0_423114bb/200597,0_423114bb,2515.24
E13/F14,Skema C,Komplekse Tal Del 2,https://video.dtu.dk/media/Komplekse+Tal+Del+2/0_buuuew2w/200597,0_buuuew2w,2480.52
E13/F14,Skema C,Komplekse Tal Del1,https://video.dtu.dk/media/Komplekse+Tal+Del1/0_4yunbrpb/200597,0_4yunbrpb,2575.16
E13/F14,Skema C,Komplekse Tal Del2,https://video.dtu.dk/media/Komplekse+Tal+Del2/0_lujjbv3o/200597,0_lujjbv3o,1732.24
E13/F14,Skema C,Komplekse Tal Del 1,https://video.dtu.dk/media/Komplekse+Tal+Del+1/0_gqliyana/200597,0_gqliyana,2292.12
E13/F14,Skema C,Komplekse Tal Del 2,https://video.dtu.dk/media/Komplekse+Tal+Del+2/0_wnrs6ifl/200597,0_wnrs6ifl,2667.28
E13/F14,Skema C,Komplekse Tal Binom Ligning Del1,https://video.dtu.dk/media/Komplekse+Tal+Binom+Ligning+Del1/0_dbx8gnqk/200597,0_dbx8gnqk,2491.84
E13/F14,Skema C,Komplekse Tal Binom Ligning Del2,https://video.dtu.dk/media/Komplekse+Tal+Binom+Ligning+Del2/0_oy25casz/200597,0_oy25casz,2959.72
E13/F14,Skema C,Komplekse Tal Del 1,https://video.dtu.dk/media/Komplekse+Tal+Del+1/0_033egw2e/200597,0_033egw2e,2463.96
E13/F14,Skema C,Komplekse Tal Del 2,https://video.dtu.dk/media/Komplekse+Tal+Del+2/0_9sw2ovfm/200597,0_9sw2ovfm,2746.0
E13/F14,Skema C,Integralregning Del1,https://video.dtu.dk/media/Integralregning+Del1/0_uo0hhfjp/200597,0_uo0hhfjp,2646.4
E13/F14,Skema C,Integralregning Del2,https://video.dtu.dk/media/Integralregning+Del2/0_gy1qoyij/200597,0_gy1qoyij,1758.76
E13/F14,Skema C,Lineære Ligninger Del1,https://video.dtu.dk/media/Line%C3%A6re+Ligninger+Del1/0_7wy4bqt7/200597,0_7wy4bqt7,2659.16
E13/F14,Skema C,Lineære Ligninger Del2,https://video.dtu.dk/media/Line%C3%A6re+Ligninger+Del2/0_xesxyc52/200597,0_xesxyc52,3014.92
E13/F14,Skema C,Lineær Algebra Del 1,https://video.dtu.dk/media/Line%C3%A6r+Algebra+Del+1/0_l16recdt/200597,0_l16recdt,2419.52
E13/F14,Skema C,Lineær Algebra Del 2,https://video.dtu.dk/media/Line%C3%A6r+Algebra+Del+2/0_dq5q7ewh/200597,0_dq5q7ewh,2394.16
E13/F14,Skema C,Matrixalgebra Del1,https://video.dtu.dk/media/Matrixalgebra+Del1/0_wt6nevda/200597,0_wt6nevda,2841.92
E13/F14,Skema C,Matrixalgebra Del2,https://video.dtu.dk/media/Matrixalgebra+Del2/0_z2otokru/200597,0_z2otokru,2575.8
E13/F14,Skema C,Geometriske Vektorer Del 1,https://video.dtu.dk/media/Geometriske+Vektorer+Del+1/0_a8rh14lj/200597,0_a8rh14lj,2136.36
E13/F14,Skema C,Geometriske Vektorer Del 2,https://video.dtu.dk/media/Geometriske+Vektorer+Del+2/0_sbikh5p4/200597,0_sbikh5p4,3307.84
E13/F14,Skema C,Vektorrum Del 1,https://video.dtu.dk/media/Vektorrum+Del+1/0_kfa9n3ga/200597,0_kfa9n3ga,2456.8
E13/F14,Skema C,Vektorrum Del 2,https://video.dtu.dk/media/Vektorrum+Del+2/0_t4j05lc4/200597,0_t4j05lc4,2626.72
E13/F14,Skema C,Lineær Afbildning Del 1,https://video.dtu.dk/media/Line%C3%A6r+Afbildning+Del+1/0_vba7cm5s/200597,0_vba7cm5s,2381.4
E13/F14,Skema C,Lineær Afbildning Del 2,https://video.dtu.dk/media/Line%C3%A6r+Afbildning+Del+2/0_5ppu2mc7/200597,0_5ppu2mc7,3273.36
E13/F14,Skema C,Basisskifte Del 1,https://video.dtu.dk/media/Basisskifte+Del+1/0_0auqhxn3/200597,0_0auqhxn3,2516.12
E13/F14,Skema C,Basisskifte Del 2,https://video.dtu.dk/media/Basisskifte+Del+2/0_2cnq4tc2/200597,0_2cnq4tc2,1353.6
E13/F14,Skema C,Funktionsrum Del 1,https://video.dtu.dk/media/Funktionsrum+Del+1/0_x3nno6d8/200597,0_x3nno6d8,2390.88
E13/F14,Skema C,Funktionsrum Del 2,https://video.dtu.dk/media/Funktionsrum+Del+2/0_u73c37dy/200597,0_u73c37dy,2209.32
E13/F14,Skema C,Egenværdier Del 1,https://video.dtu.dk/media/Egenv%C3%A6rdier+Del+1/0_4xnedrvh/200597,0_4xnedrvh,2499.6
E13/F14,Skema C,Egenværdier Del 2,https://video.dtu.dk/media/Egenv%C3%A6rdier+Del+2/0_vgbqhvlg/200597,0_vgbqhvlg,2289.24
E13/F14,Skema C,Diagonalisering Del 1,https://video.dtu.dk/media/Diagonalisering+Del+1/0_fta8zqth/200597,0_fta8zqth,3141.52
E13/F14,Skema C,Diagonalisering Del 2,https://video.dtu.dk/media/Diagonalisering+Del+2/0_2ml4s3vg/200597,0_2ml4s3vg,1943.28
E13/F14,Skema C,1. ord. diff-ligninger Del 1,https://video.dtu.dk/media/1.+ord.+diff-ligninger+Del+1/0_myqea1j6/200597,0_myqea1j6,2726.68
E13/F14,Skema C,1. ord. diff-ligninger Del 2,https://video.dtu.dk/media/1.+ord.+diff-ligninger+Del+2/0_4y8hji6m/200597,0_4y8hji6m,1773.76
E13/F14,Skema C,2. Ord. Diff-Ligninger Del 1,https://video.dtu.dk/media/2.+Ord.+Diff-Ligninger+Del+1/0_ne0kwt0v/200597,0_ne0kwt0v,2127.36
E13/F14,Skema C,2. ord. diff-ligninger Del 2,https://video.dtu.dk/media/2.+ord.+diff-ligninger+Del+2/0_4ijkcewg/200597,0_4ijkcewg,2318.92
E13/F14,Skema C,System af diff-ligninger Del 1,https://video.dtu.dk/media/System+af+diff-ligninger+Del+1/0_gldq89m2/200597,0_gldq89m2,2822.8
E13/F14,Skema C,System af diff-ligninger Del 2,https://video.dtu.dk/media/System+af+diff-ligninger+Del+2/0_uxy1yxec/200597,0_uxy1yxec,1967.04
E13/F14,Skema C,Repetition Del 1,https://video.dtu.dk/media/Repetition+Del+1/0_0kfoi6sn/200597,0_0kfoi6sn,2982.28
E13/F14,Skema C,Repetition Del 2,https://video.dtu.dk/media/Repetition+Del+2/0_jchim021/200597,0_jchim021,2706.6
E13/F14,Skema C,Taylor 1 variable Del 1,https://video.dtu.dk/media/Taylor+1+variable+Del+1/0_1yrye84n/200597,0_1yrye84n,2759.8
E13/F14,Skema C,Taylor 1 variable Del 2,https://video.dtu.dk/media/Taylor+1+variable+Del+2/0_1n8a5igh/200597,0_1n8a5igh,2793.64
E13/F14,Skema C,Funktioner 2 variable Del 1,https://video.dtu.dk/media/Funktioner+2+variable+Del+1/0_z1pn08gn/200597,0_z1pn08gn,3176.68
E13/F14,Skema C,Funktioner 2 variable Del 2,https://video.dtu.dk/media/Funktioner+2+variable+Del+2/0_3lvqyteu/200597,0_3lvqyteu,2447.84
E13/F14,Skema C,Gradienter Del 1,https://video.dtu.dk/media/Gradienter+Del+1/0_eialdopd/200597,0_eialdopd,3157.28
E13/F14,Skema C,Gradienter Del 2,https://video.dtu.dk/media/Gradienter+Del+2/0_017ci9cj/200597,0_017ci9cj,1944.52
E13/F14,Skema C,Værdimængde Del 1,https://video.dtu.dk/media/V%C3%A6rdim%C3%A6ngde+Del+1/0_df2dslrq/200597,0_df2dslrq,2719.36
E13/F14,Skema C,Værdimængde Del 2,https://video.dtu.dk/media/V%C3%A6rdim%C3%A6ngde+Del+2/0_g1dsxbs8/200597,0_g1dsxbs8,1626.52
E13/F14,Skema C,Symmetriske matricer Del 1,https://video.dtu.dk/media/Symmetriske+matricer+Del+1/0_sr0npicx/200597,0_sr0npicx,2823.4
E13/F14,Skema C,Symmetriske matricer Del 2,https://video.dtu.dk/media/Symmetriske+matricer+Del+2/0_ebssutn4/200597,0_ebssutn4,2481.88
E13/F14,Skema C,Keglesnit Del 1,https://video.dtu.dk/media/Keglesnit+Del+1/0_6r5xmjd9/200597,0_6r5xmjd9,2974.12
E13/F14,Skema C,Keglesnit Del 2,https://video.dtu.dk/media/Keglesnit+Del+2/0_rlemfh0z/200597,0_rlemfh0z,2714.04
E13/F14,Skema C,Taylor 2 variable Del 1,https://video.dtu.dk/media/Taylor+2+variable+Del+1/0_badrun7d/200597,0_badrun7d,1689.24
E13/F14,Skema C,Taylor 2 variable Del 2,https://video.dtu.dk/media/Taylor+2+variable+Del+2/0_ddkera68/200597,0_ddkera68,2325.36
E13/F14,Skema C,Riemann integraler Del 1,https://video.dtu.dk/media/Riemann+integraler+Del+1/0_r7xjtw2h/200597,0_r7xjtw2h,2508.4
E13/F14,Skema C,Riemann integraler Del 2,https://video.dtu.dk/media/Riemann+integraler+Del+2/0_16awr589/200597,0_16awr589,2258.52
E13/F14,Skema C,Plan integraler Del 1,https://video.dtu.dk/media/Plan+integraler+Del+1/0_ktl49hb6/200597,0_ktl49hb6,2648.28
E13/F14,Skema C,Plan integraler Del 2,https://video.dtu.dk/media/Plan+integraler+Del+2/0_9d9k687u/200597,0_9d9k687u,2277.16
E13/F14,Skema C,Flader/Fladeintegraler Del 1,https://video.dtu.dk/media/Flader+Fladeintegraler+Del+1/0_pq0hvy58/200597,0_pq0hvy58,3005.48
E13/F14,Skema C,Flader/Fladeintegraler Del 2,https://video.dtu.dk/media/Flader+Fladeintegraler+Del+2/0_jlhjlvrc/200597,0_jlhjlvrc,1922.92
E13/F14,Skema C,Rum integraler Del 1,https://video.dtu.dk/media/Rum+integraler+Del+1/0_0mfxpta6/200597,0_0mfxpta6,2551.08
E13/F14,Skema C,Rum integraler Del 2,https://video.dtu.dk/media/Rum+integraler+Del+2/0_01pcbp4o/200597,0_01pcbp4o,2693.76
E13/F14,Skema C,Vektorfelter Del 1,https://video.dtu.dk/media/Vektorfelter+Del+1/0_9gpfaj2s/200597,0_9gpfaj2s,2444.68
E13/F14,Skema C,Vektorfelter Del 2,https://video.dtu.dk/media/Vektorfelter+Del+2/0_1b9ylyll/200597,0_1b9ylyll,2394.28
E13/F14,Skema C,Tangentielt kurveintegral Del 1,https://video.dtu.dk/media/Tangentielt+kurveintegral+Del+1/0_89gthlrp/200597,0_89gthlrp,2523.72
E13/F14,Skema C,Tangentielt kurveintegral Del 2,https://video.dtu.dk/media/Tangentielt+kurveintegral+Del+2/0_yvvwc7hl/200597,0_yvvwc7hl,1754.56
E13/F14,Skema C,Flux Del 1,https://video.dtu.dk/media/Flux+Del+1/0_vys1kp90/200597,0_vys1kp90,2701.96
E13/F14,Skema C,Flux Del 2,https://video.dtu.dk/media/Flux+Del+2/0_8wqy4l3q/200597,0_8wqy4l3q,2125.92
E13/F14,Skema C,Gauss sætning Del 1,https://video.dtu.dk/media/Gauss+s%C3%A6tning+Del+1/0_9luirg09/200597,0_9luirg09,2851.6
E13/F14,Skema C,Gauss sætning Del 2,https://video.dtu.dk/media/Gauss+s%C3%A6tning+Del+2/0_cvpsr0xw/200597,0_cvpsr0xw,1083.12
E13/F14,Skema C,Stokes/Potentialer Del 1,https://video.dtu.dk/media/Stokes+Potentialer+Del+1/0_efyt0ue2/200597,0_efyt0ue2,2500.32
E13/F14,Skema C,Stokes/Potentialer Del 2,https://video.dtu.dk/media/Stokes+Potentialer+Del+2/0_ad04nanw/200597,0_ad04nanw,1635.6
E13/F14,Skema C,Stokes/Potentialer Del 1,https://video.dtu.dk/media/Stokes+Potentialer+Del+1/0_yn5qrc1i/200597,0_yn5qrc1i,2688.6
E13/F14,Skema C,Stokes/Potentialer Del 2,https://video.dtu.dk/media/Stokes+Potentialer+Del+2/0_83dsewjo/200597,0_83dsewjo,2719.0
E14/F15,Skema C,Komplekse tal på rektangulær form Del 1,https://video.dtu.dk/media/Komplekse+tal+p%C3%A5+rektangul%C3%A6r+form+Del+1/0_1i5b5665/200601,0_1i5b5665,1439.4
E14/F15,Skema C,Komplekse tal på rektangulær form Del 2,https://video.dtu.dk/media/Komplekse+tal+p%C3%A5+rektangul%C3%A6r+form+Del+2/0_rnfo3bck/200601,0_rnfo3bck,1796.2
E14/F15,Skema C,Komplekse tal Del 1,https://video.dtu.dk/media/Komplekse+tal+Del+1/0_pdcktrl4/200601,0_pdcktrl4,2580.84
E14/F15,Skema C,Komplekse Tal Del 2,https://video.dtu.dk/media/Komplekse+Tal+Del+2/0_1a3bysay/200601,0_1a3bysay,1912.44
E14/F15,Skema C,Komplekse tal Del 1,https://video.dtu.dk/media/Komplekse+tal+Del+1/0_m2g2ofvr/200601,0_m2g2ofvr,2576.16
E14/F15,Skema C,Komplekse tal Del 2,https://video.dtu.dk/media/Komplekse+tal+Del+2/0_0oig7u4r/200601,0_0oig7u4r,1533.24
E14/F15,Skema C,Komplekse tal Del 1,https://video.dtu.dk/media/Komplekse+tal+Del+1/0_0j7b7rst/200601,0_0j7b7rst,2134.8
E14/F15,Skema C,Komplekse tal Del 2,https://video.dtu.dk/media/Komplekse+tal+Del+2/0_cx1tq6yt/200601,0_cx1tq6yt,2360.32
E14/F15,Skema C,Komplekse tal Del 1,https://video.dtu.dk/media/Komplekse+tal+Del+1/0_lmfvg9xp/200601,0_lmfvg9xp,2420.88
E14/F15,Skema C,Komplekse tal Del 2,https://video.dtu.dk/media/Komplekse+tal+Del+2/0_orr5ks8b/200601,0_orr5ks8b,2683.68
E14/F15,Skema C,Komplekse tal Del 1,https://video.dtu.dk/media/Komplekse+tal+Del+1/0_twkps3dd/200601,0_twkps3dd,2941.48
E14/F15,Skema C,Komplekse tal Del 2,https://video.dtu.dk/media/Komplekse+tal+Del+2/0_nxwxdb4e/200601,0_nxwxdb4e,2330.76
E14/F15,Skema C,Integralregning Del1,https://video.dtu.dk/media/Integralregning+Del1/0_v310w8at/200601,0_v310w8at,2646.4
E14/F15,Skema C,Integralregning Del2,https://video.dtu.dk/media/Integralregning+Del2/0_5ou7q9u4/200601,0_5ou7q9u4,1758.76
E14/F15,Skema C,Lineære ligninger Del 1,https://video.dtu.dk/media/Line%C3%A6re+ligninger+Del+1/0_njzyaqva/200601,0_njzyaqva,2943.84
E14/F15,Skema C,Lineære ligninger Del 2,https://video.dtu.dk/media/Line%C3%A6re+ligninger+Del+2/0_sm6ip7m3/200601,0_sm6ip7m3,1997.16
E14/F15,Skema C,Lineær Algebra Del 1,https://video.dtu.dk/media/Line%C3%A6r+Algebra+Del+1/0_jnsn8x7b/200601,0_jnsn8x7b,2347.28
E14/F15,Skema C,Lineær Algebra Del 2,https://video.dtu.dk/media/Line%C3%A6r+Algebra+Del+2/0_nvo6vd6b/200601,0_nvo6vd6b,2253.36
E14/F15,Skema C,Kvadratiske matricer Del 1,https://video.dtu.dk/media/Kvadratiske+matricer+Del+1/0_p8rvbma9/200601,0_p8rvbma9,3081.24
E14/F15,Skema C,Kvadratiske matricer Del 2,https://video.dtu.dk/media/Kvadratiske+matricer+Del+2/0_tea1f3gh/200601,0_tea1f3gh,2945.28
E14/F15,Skema C,Geometriske vektorer Del 1,https://video.dtu.dk/media/Geometriske+vektorer+Del+1/0_9lgn8aal/200601,0_9lgn8aal,2414.2
E14/F15,Skema C,Geometriske vektorer Del 2,https://video.dtu.dk/media/Geometriske+vektorer+Del+2/0_dy5d057q/200601,0_dy5d057q,2657.48
E14/F15,Skema C,Vektorrum Del 1,https://video.dtu.dk/media/Vektorrum+Del+1/0_eqm7tsgj/200601,0_eqm7tsgj,2828.68
E14/F15,Skema C,Vektorrum Del 2,https://video.dtu.dk/media/Vektorrum+Del+2/0_ydef03sz/200601,0_ydef03sz,2655.52
E14/F15,Skema C,Lineær afbildning Del 1,https://video.dtu.dk/media/Line%C3%A6r+afbildning+Del+1/0_vvj6yeb5/200601,0_vvj6yeb5,2518.96
E14/F15,Skema C,Lineær afbildning Del 2,https://video.dtu.dk/media/Line%C3%A6r+afbildning+Del+2/0_tmkweoc7/200601,0_tmkweoc7,3127.76
E14/F15,Skema C,Basisskifte Del 1,https://video.dtu.dk/media/Basisskifte+Del+1/0_q3496uth/200601,0_q3496uth,2794.12
E14/F15,Skema C,Basisskifte Del 2,https://video.dtu.dk/media/Basisskifte+Del+2/0_7g3hvlwp/200601,0_7g3hvlwp,1153.04
E14/F15,Skema C,Funktionsrum Del 1,https://video.dtu.dk/media/Funktionsrum+Del+1/0_j2skq92u/200601,0_j2skq92u,2320.28
E14/F15,Skema C,Funktionsrum Del 2,https://video.dtu.dk/media/Funktionsrum+Del+2/0_zq8xsgh0/200601,0_zq8xsgh0,2027.68
E14/F15,Skema C,Egenværdier Del 1,https://video.dtu.dk/media/Egenv%C3%A6rdier+Del+1/0_p3598zhd/200601,0_p3598zhd,2671.0
E14/F15,Skema C,Egenværdier Del 2,https://video.dtu.dk/media/Egenv%C3%A6rdier+Del+2/0_icjz5dlv/200601,0_icjz5dlv,2641.44
E14/F15,Skema C,Diagonalisering Del 1,https://video.dtu.dk/media/Diagonalisering+Del+1/0_t2zmpmak/200601,0_t2zmpmak,2841.36
E14/F15,Skema C,Diagonalisering Del 2,https://video.dtu.dk/media/Diagonalisering+Del+2/0_yena0rnw/200601,0_yena0rnw,1863.4
E14/F15,Skema C,1. ord. diff-ligninger Del 1,https://video.dtu.dk/media/1.+ord.+diff-ligninger+Del+1/0_lfnudylz/200601,0_lfnudylz,2596.24
E14/F15,Skema C,1. ord. diff-ligninger Del 2,https://video.dtu.dk/media/1.+ord.+diff-ligninger+Del+2/0_ccw8pdv7/200601,0_ccw8pdv7,2071.12
E14/F15,Skema C,2. ord. diff-ligninger Del 1,https://video.dtu.dk/media/2.+ord.+diff-ligninger+Del+1/0_0k7mwp1p/200601,0_0k7mwp1p,2247.6
E14/F15,Skema C,2. ord. diff-ligninger Del 2,https://video.dtu.dk/media/2.+ord.+diff-ligninger+Del+2/0_qkrsev0s/200601,0_qkrsev0s,2930.4
E14/F15,Skema C,System af diff-ligninger Del 1 (480p),https://video.dtu.dk/media/System+af+diff-ligninger+Del+1+%28480p%29/0_xd3or4ha/200601,0_xd3or4ha,2821.24
E14/F15,Skema C,System af diff-ligninger Del 1,https://video.dtu.dk/media/System+af+diff-ligninger+Del+1/0_p0g1c6jr/200601,0_p0g1c6jr,2821.24
E14/F15,Skema C,System af diff-ligninger Del 2,https://video.dtu.dk/media/System+af+diff-ligninger+Del+2/0_6qd0w41m/200601,0_6qd0w41m,2235.72
E14/F15,Skema C,Repetition Del 1,https://video.dtu.dk/media/Repetition+Del+1/0_prnu192z/200601,0_prnu192z,3485.56
E14/F15,Skema C,Repetition Del 2,https://video.dtu.dk/media/Repetition+Del+2/0_26crdz15/200601,0_26crdz15,1951.08
E14/F15,Skema C,Taylor 1 variable Del 1,https://video.dtu.dk/media/Taylor+1+variable+Del+1/0_u1gh8oni/200601,0_u1gh8oni,2577.96
E14/F15,Skema C,Taylor 1 variable Del 2,https://video.dtu.dk/media/Taylor+1+variable+Del+2/0_f853woeu/200601,0_f853woeu,2777.16
E14/F15,Skema C,Funktioner 2 variable Del 1,https://video.dtu.dk/media/Funktioner+2+variable+Del+1/0_vfolffn8/200601,0_vfolffn8,2838.32
E14/F15,Skema C,Funktioner 2 variable Del 2,https://video.dtu.dk/media/Funktioner+2+variable+Del+2/0_nf1g45tq/200601,0_nf1g45tq,2547.32
E14/F15,Skema C,Gradienter Del 1,https://video.dtu.dk/media/Gradienter+Del+1/0_y5yvpx3b/200601,0_y5yvpx3b,2787.88
E14/F15,Skema C,Gradienter Del 2,https://video.dtu.dk/media/Gradienter+Del+2/0_26zf69fm/200601,0_26zf69fm,1842.36
E14/F15,Skema C,Værdimængde Del 1,https://video.dtu.dk/media/V%C3%A6rdim%C3%A6ngde+Del+1/0_45ofm1yg/200601,0_45ofm1yg,3108.8
E14/F15,Skema C,Værdimængde Del 2,https://video.dtu.dk/media/V%C3%A6rdim%C3%A6ngde+Del+2/0_2rilpb93/200601,0_2rilpb93,1350.84
E14/F15,Skema C,Symmetriske matricer Del 1,https://video.dtu.dk/media/Symmetriske+matricer+Del+1/0_m3p59yei/200601,0_m3p59yei,3080.16
E14/F15,Skema C,Symmetriske matricer Del 2,https://video.dtu.dk/media/Symmetriske+matricer+Del+2/0_fgr15sdc/200601,0_fgr15sdc,2625.64
E14/F15,Skema C,Keglesnit Del 1,https://video.dtu.dk/media/Keglesnit+Del+1/0_44znblbh/200601,0_44znblbh,2980.36
E14/F15,Skema C,Keglesnit Del 2,https://video.dtu.dk/media/Keglesnit+Del+2/0_y8wx8l8w/200601,0_y8wx8l8w,1882.76
E14/F15,Skema C,Taylor 2 variable Del 1,https://video.dtu.dk/media/Taylor+2+variable+Del+1/0_w3ut6sxt/200601,0_w3ut6sxt,2727.92
E14/F15,Skema C,Taylor 2 variable Del 2,https://video.dtu.dk/media/Taylor+2+variable+Del+2/0_ypas85xz/200601,0_ypas85xz,1384.76
E14/F15,Skema C,Riemann integraler Del 1,https://video.dtu.dk/media/Riemann+integraler+Del+1/0_4thr6y2y/200601,0_4thr6y2y,2508.16
E14/F15,Skema C,Riemann integraler Del 2,https://video.dtu.dk/media/Riemann+integraler+Del+2/0_t9z4zwfi/200601,0_t9z4zwfi,1902.0
E14/F15,Skema C,Plan integraler Del 1,https://video.dtu.dk/media/Plan+integraler+Del+1/0_t6qe8be3/200601,0_t6qe8be3,2964.44
E14/F15,Skema C,Plan integraler Del 2,https://video.dtu.dk/media/Plan+integraler+Del+2/0_fj7pawt4/200601,0_fj7pawt4,2220.04
E14/F15,Skema C,Flader/Fladeintegraler Del 1,https://video.dtu.dk/media/Flader+Fladeintegraler+Del+1/0_unf3g3wa/200601,0_unf3g3wa,2612.6
E14/F15,Skema C,Flader/Fladeintegraler Del 2,https://video.dtu.dk/media/Flader+Fladeintegraler+Del+2/0_223lng4r/200601,0_223lng4r,2085.76
E14/F15,Skema C,Rum integraler Del 1,https://video.dtu.dk/media/Rum+integraler+Del+1/0_ned88ak4/200601,0_ned88ak4,2767.24
E14/F15,Skema C,Rum integraler Del 2,https://video.dtu.dk/media/Rum+integraler+Del+2/0_4mm20kvd/200601,0_4mm20kvd,2062.32
E14/F15,Skema C,Vektorfelter Del 1,https://video.dtu.dk/media/Vektorfelter+Del+1/0_frir90xy/200601,0_frir90xy,2567.88
E14/F15,Skema C,Vektorfelter Del 2,https://video.dtu.dk/media/Vektorfelter+Del+2/0_h5vgfj0x/200601,0_h5vgfj0x,1449.76
E14/F15,Skema C,Tangentielt kurveintegral Del 1,https://video.dtu.dk/media/Tangentielt+kurveintegral+Del+1/0_r0mq9efy/200601,0_r0mq9efy,2570.44
E14/F15,Skema C,Tangentielt kurveintegral Del 2,https://video.dtu.dk/media/Tangentielt+kurveintegral+Del+2/0_3jcjgell/200601,0_3jcjgell,1395.76
E14/F15,Skema C,Flux Del 1,https://video.dtu.dk/media/Flux+Del+1/0_had66szm/200601,0_had66szm,2680.76
E14/F15,Skema C,Flux Del 2,https://video.dtu.dk/media/Flux+Del+2/0_wgx6znxg/200601,0_wgx6znxg,2308.48
E14/F15,Skema C,Gauss sætning Del 2,https://video.dtu.dk/media/Gauss+s%C3%A6tning+Del+2/0_ax49iqh2/200601,0_ax49iqh2,1083.12
E14/F15,Skema C,Stokes/Potentialer Del 1,https://video.dtu.dk/media/Stokes+Potentialer+Del+1/0_3o3xp6lu/200601,0_3o3xp6lu,2879.72
E14/F15,Skema C,Stokes/Potentialer Del 2,https://video.dtu.dk/media/Stokes+Potentialer+Del+2/0_e1yjrr3x/200601,0_e1yjrr3x,1914.76
E14/F15,Skema C,Eksamenstræning Del 2,https://video.dtu.dk/media/Eksamenstr%C3%A6ning+Del+2/0_54fyue2i/200601,0_54fyue2i,3382.4
E14/F15,Skema C,Eksamenstræning Del 1,https://video.dtu.dk/media/Eksamenstr%C3%A6ning+Del+1/0_s40ms45e/200601,0_s40ms45e,2953.52
E15/F16,Skema C,Komplekse tal Del 1,https://video.dtu.dk/media/Komplekse+tal+Del+1/0_e772o1mz/185147,0_e772o1mz,2160.04
E15/F16,Skema C,Komplekse tal Del 2,https://video.dtu.dk/media/Komplekse+tal+Del+2/0_w5hdkjwk/185147,0_w5hdkjwk,1789.04
E15/F16,Skema C,Komplekse tal Del 2,https://video.dtu.dk/media/Komplekse+tal+Del+2/0_5sm960d4/185147,0_5sm960d4,2058.76
E15/F16,Skema C,Komplekse tal Del 1,https://video.dtu.dk/media/Komplekse+tal+Del+1/0_dmyqyzi0/185147,0_dmyqyzi0,2840.8
E15/F16,Skema C,Komplekse tal Del 1,https://video.dtu.dk/media/Komplekse+tal+Del+1/0_ap282usn/185147,0_ap282usn,2235.96
E15/F16,Skema C,Komplekse tal Del 2,https://video.dtu.dk/media/Komplekse+tal+Del+2/0_vyvs4kh6/185147,0_vyvs4kh6,1317.96
E15/F16,Skema C,Komplekse tal Del 1,https://video.dtu.dk/media/Komplekse+tal+Del+1/0_6m2aim2j/185147,0_6m2aim2j,2567.56
E15/F16,Skema C,Komplekse tal Del 2,https://video.dtu.dk/media/Komplekse+tal+Del+2/0_hn348jkm/185147,0_hn348jkm,2242.76
E15/F16,Skema C,Komplekse tal Del 1,https://video.dtu.dk/media/Komplekse+tal+Del+1/0_wvvnuy85/185147,0_wvvnuy85,2846.72
E15/F16,Skema C,Komplekse tal Del 2,https://video.dtu.dk/media/Komplekse+tal+Del+2/0_oh0nlket/185147,0_oh0nlket,2875.28
E15/F16,Skema C,Komplekse tal Del 1,https://video.dtu.dk/media/Komplekse+tal+Del+1/0_6tped5vu/185147,0_6tped5vu,2457.2
E15/F16,Skema C,Komplekse tal Del 2,https://video.dtu.dk/media/Komplekse+tal+Del+2/0_6cbkwnbm/185147,0_6cbkwnbm,2469.48
E15/F16,Skema C,Komplekse tal Del 1,https://video.dtu.dk/media/Komplekse+tal+Del+1/0_qgnjm203/185147,0_qgnjm203,2658.44
E15/F16,Skema C,Komplekse tal Del 2,https://video.dtu.dk/media/Komplekse+tal+Del+2/0_dplitjp3/185147,0_dplitjp3,1907.2
E15/F16,Skema C,Lineære ligninger Del 1,https://video.dtu.dk/media/Line%C3%A6re+ligninger+Del+1/0_0s7b4cf8/185147,0_0s7b4cf8,3020.12
E15/F16,Skema C,Lineære ligninger Del 2,https://video.dtu.dk/media/Line%C3%A6re+ligninger+Del+2/0_4rf5a4uz/185147,0_4rf5a4uz,2380.04
E15/F16,Skema C,Matrix algebra Del 1,https://video.dtu.dk/media/Matrix+algebra+Del+1/0_0vqeh9j0/185147,0_0vqeh9j0,2530.24
E15/F16,Skema C,Matrix algebra Del 2,https://video.dtu.dk/media/Matrix+algebra+Del+2/0_v4co7ezy/185147,0_v4co7ezy,1641.08
E15/F16,Skema C,Kvadratiske matricer Del 1,https://video.dtu.dk/media/Kvadratiske+matricer++Del+1/0_lm6yuiqh/185147,0_lm6yuiqh,2791.12
E15/F16,Skema C,Kvadratiske matricer Del 2,https://video.dtu.dk/media/Kvadratiske+matricer++Del+2/0_coesxeya/185147,0_coesxeya,2563.72
E15/F16,Skema C,Geom. vektorer Del 1,https://video.dtu.dk/media/Geom.+vektorer+Del+1/0_nbnsxy8t/185147,0_nbnsxy8t,2516.4
E15/F16,Skema C,Geom. vektorer Del 2,https://video.dtu.dk/media/Geom.+vektorer+Del+2/0_nb2rjkns/185147,0_nb2rjkns,2573.0
E15/F16,Skema C,Vektorrum Del 1,https://video.dtu.dk/media/Vektorrum+Del+1/0_2xdw4ikl/185147,0_2xdw4ikl,2800.0
E15/F16,Skema C,Vektorrum Del 2,https://video.dtu.dk/media/Vektorrum+Del+2/0_v3lx2fkr/185147,0_v3lx2fkr,2273.52
E15/F16,Skema C,Lineær afbildning Del 1,https://video.dtu.dk/media/Line%C3%A6r+afbildning+Del+1/0_z9va8zox/185147,0_z9va8zox,2782.36
E15/F16,Skema C,Lineær afbildning Del 2,https://video.dtu.dk/media/Line%C3%A6r+afbildning+Del+2/0_rrkmnl0j/185147,0_rrkmnl0j,2541.0
E15/F16,Skema C,Basisskifte Del 1,https://video.dtu.dk/media/Basisskifte+Del+1/0_zxt50648/185147,0_zxt50648,2570.4
E15/F16,Skema C,Basisskifte Del 2,https://video.dtu.dk/media/Basisskifte+Del+2/0_e9ua0u4j/185147,0_e9ua0u4j,1422.96
E15/F16,Skema C,Funktionsrum Del 1,https://video.dtu.dk/media/Funktionsrum+Del+1/0_im0bpsog/185147,0_im0bpsog,2533.12
E15/F16,Skema C,Funktionsrum Del 2,https://video.dtu.dk/media/Funktionsrum+Del+2/0_b5dern3q/185147,0_b5dern3q,1962.88
E15/F16,Skema C,Egenværdier Del 1,https://video.dtu.dk/media/Egenv%C3%A6rdier+Del+1/0_0hdono5z/185147,0_0hdono5z,2594.76
E15/F16,Skema C,Egenværdier Del 2,https://video.dtu.dk/media/Egenv%C3%A6rdier+Del+2/0_p4zf87xh/185147,0_p4zf87xh,2257.96
E15/F16,Skema C,Diagonalisering Del 1,https://video.dtu.dk/media/Diagonalisering+Del+1/0_veuii4j5/185147,0_veuii4j5,2537.32
E15/F16,Skema C,Diagonalisering Del 2,https://video.dtu.dk/media/Diagonalisering+Del+2/0_rvqa3bch/185147,0_rvqa3bch,1405.8
E15/F16,Skema C,1. ord. diff-ligninger Del 1,https://video.dtu.dk/media/1.+ord.+diff-ligninger+Del+1/0_dur65k1x/185147,0_dur65k1x,2543.24
E15/F16,Skema C,1. ord. diff-ligninger Del 2,https://video.dtu.dk/media/1.+ord.+diff-ligninger+Del+2/0_ybucoqf3/185147,0_ybucoqf3,2187.76
E15/F16,Skema C,2. ord. diff-ligninger Del 1,https://video.dtu.dk/media/2.+ord.+diff-ligninger+Del+1/0_ncqq14v7/185147,0_ncqq14v7,2551.92
E15/F16,Skema C,2. ord. diff-ligninger Del 2,https://video.dtu.dk/media/2.+ord.+diff-ligninger+Del+2/0_eerrq20q/185147,0_eerrq20q,1895.64
E15/F16,Skema C,System af diff-ligninger Del 1,https://video.dtu.dk/media/System+af+diff-ligninger+Del+1/0_ix6z799t/185147,0_ix6z799t,2740.64
E15/F16,Skema C,System af diff-ligninger Del 2,https://video.dtu.dk/media/System+af+diff-ligninger+Del+2/0_g4zkrfg4/185147,0_g4zkrfg4,1879.16
E15/F16,Skema C,Repetition Del 1,https://video.dtu.dk/media/Repetition+Del+1/0_55apztup/185147,0_55apztup,3022.24
E15/F16,Skema C,Repetition Del 2,https://video.dtu.dk/media/Repetition+Del+2/0_xypjaq7v/185147,0_xypjaq7v,916.32
E15/F16,Skema C,Taylor 1 variable Del 1,https://video.dtu.dk/media/Taylor+1+variable+Del+1/0_3195wtuh/185147,0_3195wtuh,2732.48
E15/F16,Skema C,Taylor 1 variable Del 2,https://video.dtu.dk/media/Taylor+1+variable+Del+2/0_7k50yic0/185147,0_7k50yic0,2503.88
E15/F16,Skema C,Funktioner 2 variable Del 1,https://video.dtu.dk/media/Funktioner+2+variable+Del+1/0_z3qz278j/185147,0_z3qz278j,2814.12
E15/F16,Skema C,Funktioner 2 variable Del 2,https://video.dtu.dk/media/Funktioner+2+variable+Del+2/0_5b7aux37/185147,0_5b7aux37,2682.6
E15/F16,Skema C,Gradienter Del 1,https://video.dtu.dk/media/Gradienter+Del+1/0_7d76b21e/185147,0_7d76b21e,3200.48
E15/F16,Skema C,Gradienter Del 2,https://video.dtu.dk/media/Gradienter+Del+2/0_13d3zpqe/185147,0_13d3zpqe,2344.2
E15/F16,Skema C,Værdimængde Del 1,https://video.dtu.dk/media/V%C3%A6rdim%C3%A6ngde+Del+1/0_po74cxr7/185147,0_po74cxr7,3377.64
E15/F16,Skema C,Værdimængde Del 2,https://video.dtu.dk/media/V%C3%A6rdim%C3%A6ngde+Del+2/0_wed7ubj3/185147,0_wed7ubj3,1149.16
E15/F16,Skema C,Symmetriske matricer Del 1 (Forelæsning fra 2015),https://video.dtu.dk/media/Symmetriske+matricer+Del+1+%28Forel%C3%A6sning+fra+2015%29/0_hj6is5yd/185147,0_hj6is5yd,3080.16
E15/F16,Skema C,Symmetriske matricer Del 2 (Forelæsning fra 2015),https://video.dtu.dk/media/Symmetriske+matricer+Del+2+%28Forel%C3%A6sning+fra+2015%29/0_xr2owlcl/185147,0_xr2owlcl,2625.64
E15/F16,Skema C,Keglesnit Del 1,https://video.dtu.dk/media/Keglesnit+Del+1/0_ngk4v8ff/185147,0_ngk4v8ff,2895.8
E15/F16,Skema C,Keglesnit Del 2,https://video.dtu.dk/media/Keglesnit+Del+2/0_iynx0frx/185147,0_iynx0frx,2381.68
E15/F16,Skema C,Taylor 2 variable Del 1,https://video.dtu.dk/media/Taylor+2+variable+Del+1/0_461kxqku/185147,0_461kxqku,2701.4
E15/F16,Skema C,Taylor 2 variable Del 2,https://video.dtu.dk/media/Taylor+2+variable+Del+2/0_ealun069/185147,0_ealun069,1266.28
E15/F16,Skema C,Riemann integraler Del 1,https://video.dtu.dk/media/Riemann+integraler+Del+1/0_ufz2j7pc/185147,0_ufz2j7pc,2913.16
E15/F16,Skema C,Riemann integraler Del 2,https://video.dtu.dk/media/Riemann+integraler+Del+2/0_fnci0wsv/185147,0_fnci0wsv,2181.16
E15/F16,Skema C,Planintegraler Del 1,https://video.dtu.dk/media/Planintegraler+Del+1/0_ch27p11d/185147,0_ch27p11d,2894.32
E15/F16,Skema C,Planintegraler Del 2,https://video.dtu.dk/media/Planintegraler+Del+2/0_apf3vco7/185147,0_apf3vco7,2604.24
E15/F16,Skema C,Flader/Fladeintegraler Del 2,https://video.dtu.dk/media/Flader+Fladeintegraler+Del+2/0_gbl85zrw/185147,0_gbl85zrw,2422.16
E15/F16,Skema C,Flader/Fladeintegraler Del 1,https://video.dtu.dk/media/Flader+Fladeintegraler+Del+1/0_4tge9b4w/185147,0_4tge9b4w,3023.36
E15/F16,Skema C,Rumintegraler Del 1,https://video.dtu.dk/media/Rumintegraler+Del+1/0_t6gik590/185147,0_t6gik590,3060.44
E15/F16,Skema C,Rumintegraler Del 2,https://video.dtu.dk/media/Rumintegraler+Del+2/0_fmo22i2x/185147,0_fmo22i2x,1646.92
E15/F16,Skema C,Vektorfelter Del 1,https://video.dtu.dk/media/Vektorfelter+Del+1/0_ir5ts6at/185147,0_ir5ts6at,2251.04
E15/F16,Skema C,Vektorfelter Del 2,https://video.dtu.dk/media/Vektorfelter+Del+2/0_k4je57mf/185147,0_k4je57mf,1670.4
E15/F16,Skema C,Tangentielt kurveintegral Del 1,https://video.dtu.dk/media/Tangentielt+kurveintegral+Del+1/0_rlrqf6gi/185147,0_rlrqf6gi,2753.76
E15/F16,Skema C,Tangentielt kurveintegral Del 2,https://video.dtu.dk/media/Tangentielt+kurveintegral+Del+2/0_42zn39kd/185147,0_42zn39kd,1158.24
E15/F16,Skema C,Flux Del 1,https://video.dtu.dk/media/Flux+Del+1/0_wo1ktdiy/185147,0_wo1ktdiy,2550.0
E15/F16,Skema C,Flux Del 2,https://video.dtu.dk/media/Flux+Del+2/0_ichel4l8/185147,0_ichel4l8,1859.32
E15/F16,Skema C,Gauss Del 1,https://video.dtu.dk/media/Gauss+Del+1/0_p1io4qy6/185147,0_p1io4qy6,2925.16
E15/F16,Skema C,Gauss Del 2,https://video.dtu.dk/media/Gauss+Del+2/0_62yme9je/185147,0_62yme9je,807.56
E15/F16,Skema C,Stokes Del 1,https://video.dtu.dk/media/Stokes+Del+1/0_yeou4fqs/185147,0_yeou4fqs,2563.24
E15/F16,Skema C,Stokes Del 2,https://video.dtu.dk/media/Stokes+Del+2/0_2ui16nod/185147,0_2ui16nod,3463.24
E15/F16,Skema C,Repetition Del 1,https://video.dtu.dk/media/Repetition+Del+1/0_ub3mmrhu/185147,0_ub3mmrhu,3754.44
E15/F16,Skema C,Repetition Del 2,https://video.dtu.dk/media/Repetition+Del+2/0_eqb2f1x1/185147,0_eqb2f1x1,2870.96
E16/F17,Skema B,Komplekse tal 1,https://video.dtu.dk/media/Komplekse+tal+1/0_d6wb36hu/185142,0_d6wb36hu,2917.08
E16/F17,Skema B,Komplekse tal 2,https://video.dtu.dk/media/Komplekse+tal+2/0_qagwel06/185142,0_qagwel06,2158.96
E16/F17,Skema B,Komplekse tal 3,https://video.dtu.dk/media/Komplekse+tal+3/0_k661u83i/185142,0_k661u83i,3159.68
E16/F17,Skema B,Polære Koordinater og Eksponentiel Form Del 1,https://video.dtu.dk/media/Pol%C3%A6re+Koordinater+og+Eksponentiel+Form+Del+1/0_n2l6r3cf/185142,0_n2l6r3cf,2998.72
E16/F17,Skema B,Polære Koordinater og Eksponentiel Form Del 2,https://video.dtu.dk/media/Pol%C3%A6re+Koordinater+og+Eksponentiel+Form+Del+2/0_vglofsgt/185142,0_vglofsgt,2124.12
E16/F17,Skema B,Komplekse tal,https://video.dtu.dk/media/Komplekse+tal/0_1ipo1kit/185142,0_1ipo1kit,2901.6
E16/F17,Skema B,Polynomier Del 1,https://video.dtu.dk/media/Polynomier+Del+1/0_zish5xog/185142,0_zish5xog,3026.88
E16/F17,Skema B,Polynomier Del 2,https://video.dtu.dk/media/Polynomier+Del+2/0_kzb683so/185142,0_kzb683so,2192.04
E16/F17,Skema B,Differentiabilitet,https://video.dtu.dk/media/Differentiabilitet/0_affzm1h3/185142,0_affzm1h3,2760.04
E16/F17,Skema B,Taylors Formler Del 1,https://video.dtu.dk/media/Taylors+Formler+Del+1/0_mxv78tip/185142,0_mxv78tip,3029.2
E16/F17,Skema B,Taylors Formler Del 2,https://video.dtu.dk/media/Taylors+Formler+Del+2/0_g7ty3ixy/185142,0_g7ty3ixy,1431.4
E16/F17,Skema B,Lineære ligningssystemer og matrixregning Del 1,https://video.dtu.dk/media/Line%C3%A6re+ligningssystemer+og+matrixregning+Del+1/0_rsbgau7r/185142,0_rsbgau7r,3209.88
E16/F17,Skema B,Lineære ligningssystemer og matrixregning Del 2,https://video.dtu.dk/media/Line%C3%A6re+ligningssystemer+og+matrixregning+Del+2/0_5avolj7x/185142,0_5avolj7x,2587.56
E16/F17,Skema B,Struktursætningen og Invers matrix,https://video.dtu.dk/media/Strukturs%C3%A6tningen+og+Invers+matrix/0_gpf7osnh/185142,0_gpf7osnh,3444.24
E16/F17,Skema B,Determinanter og Vektor-Geometri Del 2,https://video.dtu.dk/media/Determinanter+og+Vektor-Geometri+Del+2/0_rik08c8r/185142,0_rik08c8r,2828.48
E16/F17,Skema B,Vektorrum Del 1,https://video.dtu.dk/media/Vektorrum+Del+1/0_m8ay4a8x/185142,0_m8ay4a8x,2548.6
E16/F17,Skema B,Vektorrum Del 2,https://video.dtu.dk/media/Vektorrum+Del+2/0_gqd3nj9y/185142,0_gqd3nj9y,2424.12
E16/F17,Skema B,Lineære Afbildninger Del 1,https://video.dtu.dk/media/Line%C3%A6re+Afbildninger+Del+1/0_0cz8bdjw/185142,0_0cz8bdjw,2962.76
E16/F17,Skema B,Lineære Afbildninger Del 2,https://video.dtu.dk/media/Line%C3%A6re+Afbildninger+Del+2/0_w9mi2aby/185142,0_w9mi2aby,2833.4
E16/F17,Skema B,Afbildningsmatricer og basisskifte,https://video.dtu.dk/media/Afbildningsmatricer+og+basisskifte/0_9hckok4y/185142,0_9hckok4y,2654.44
E16/F17,Skema B,Lineære 1.ordens Differentialligninger Del 1 REUPLOAD,https://video.dtu.dk/media/Line%C3%A6re+1.ordens+Differentialligninger+Del+1+REUPLOAD/0_3h5pnm8m/185142,0_3h5pnm8m,2463.36
E16/F17,Skema B,Lineære 1.ordens Differentialligninger Del 2 REUPLOAD,https://video.dtu.dk/media/Line%C3%A6re+1.ordens+Differentialligninger+Del+2+REUPLOAD/0_lst45xas/185142,0_lst45xas,2010.72
E16/F17,Skema B,Egenværdier og Egenvektorer del 1,https://video.dtu.dk/media/Egenv%C3%A6rdier+og+Egenvektorer+del+1/0_bcgze6bu/185142,0_bcgze6bu,3033.32
E16/F17,Skema B,Egenværdier og Egenvektorer del 2,https://video.dtu.dk/media/Egenv%C3%A6rdier+og+Egenvektorer+del+2/0_06ol2xl4/185142,0_06ol2xl4,2682.8
E16/F17,Skema B,Similære matricer. Diagonalisering ved similartransformation.,https://video.dtu.dk/media/Simil%C3%A6re+matricer.+Diagonalisering+ved+similartransformation./0_e4gkebhw/185142,0_e4gkebhw,2954.88
E16/F17,Skema B,Symmetriske Matricer Del 1,https://video.dtu.dk/media/Symmetriske+Matricer+Del+1/0_oobq5xg8/185142,0_oobq5xg8,3305.64
E16/F17,Skema B,Symmetriske Matricer Del 2,https://video.dtu.dk/media/Symmetriske+Matricer+Del+2/0_y22xcusn/185142,0_y22xcusn,2348.92
E16/F17,Skema B,Positiv ortogonal matrix,https://video.dtu.dk/media/Positiv+ortogonal+matrix/0_at7s9yo9/185142,0_at7s9yo9,2606.6
E16/F17,Skema B,Positiv ortogonal matrix,https://video.dtu.dk/media/Positiv+ortogonal+matrix/0_n5vudpav/185142,0_n5vudpav,2606.6
E16/F17,Skema B,Differentialligningssystemer Del 1,https://video.dtu.dk/media/Differentialligningssystemer+Del+1/0_7sjf14fe/185142,0_7sjf14fe,2664.8
E16/F17,Skema B,Differentialligningssystemer Del 2,https://video.dtu.dk/media/Differentialligningssystemer+Del+2/0_espankk1/185142,0_espankk1,1850.8
E16/F17,Skema B,2.ordens Differentialligninger,https://video.dtu.dk/media/2.ordens+Differentialligninger/0_dj77chm4/185142,0_dj77chm4,11.24
E16/F17,Skema B,Eksamens gennemgang del 1,https://video.dtu.dk/media/Eksamens+gennemgang+del+1/0_mq33b6hd/185142,0_mq33b6hd,3164.68
E16/F17,Skema B,Eksamens gennemgang del 2,https://video.dtu.dk/media/Eksamens+gennemgang+del+2/0_m5s5wqfw/185142,0_m5s5wqfw,2349.84
E16/F17,Skema B,Funktioner af 2 Variable Del 1,https://video.dtu.dk/media/Funktioner+af+2+Variable+Del+1/0_zc458rgi/185142,0_zc458rgi,2979.8
E16/F17,Skema B,Funktioner af 2 Variable Del 2,https://video.dtu.dk/media/Funktioner+af+2+Variable+Del+2/0_7sh0po5n/185142,0_7sh0po5n,3202.52
E16/F17,Skema B,Funktioner af 2 Variable (Fortsat),https://video.dtu.dk/media/Funktioner+af+2+Variable+%28Fortsat%29/0_fs78l1lc/185142,0_fs78l1lc,3305.12
E16/F17,Skema B,Taylors Formler for Flere Variable Del 1,https://video.dtu.dk/media/Taylors+Formler+for+Flere+Variable+Del+1/0_2n7vnahj/185142,0_2n7vnahj,3141.56
E16/F17,Skema B,Taylors Formler for Flere Variable Del 2,https://video.dtu.dk/media/Taylors+Formler+for+Flere+Variable+Del+2/0_258qsmi4/185142,0_258qsmi4,2046.0
E16/F17,Skema B,Keglesnit,https://video.dtu.dk/media/Keglesnit/0_3hhfqfme/185142,0_3hhfqfme,3511.32
E16/F17,Skema B,Ekstremumsundersøgelser Del 1,https://video.dtu.dk/media/Ekstremumsunders%C3%B8gelser+Del+1/0_n1vp9p2e/185142,0_n1vp9p2e,2685.68
E16/F17,Skema B,Ekstremumsundersøgelser Del 2,https://video.dtu.dk/media/Ekstremumsunders%C3%B8gelser+Del+2/0_yj3opfi1/185142,0_yj3opfi1,1828.92
E16/F17,Skema B,Integrationsteknik,https://video.dtu.dk/media/Integrationsteknik/0_6vla2wnj/185142,0_6vla2wnj,3618.64
E16/F17,Skema B,Riemannintegralet og Kurver i Planen og Rummet Del 1,https://video.dtu.dk/media/Riemannintegralet+og+Kurver+i+Planen+og+Rummet+Del+1/0_x3zaz0v6/185142,0_x3zaz0v6,2710.44
E16/F17,Skema B,Riemannintegralet og Kurver i Planen og Rummet Del 2,https://video.dtu.dk/media/Riemannintegralet+og+Kurver+i+Planen+og+Rummet+Del+2/0_5bw4txga/185142,0_5bw4txga,441.64
E16/F17,Skema B,Planintegraler og Fladeintegraler Del 1 (Reupload),https://video.dtu.dk/media/Planintegraler+og+Fladeintegraler+Del+1+%28Reupload%29/0_arctfgih/185142,0_arctfgih,2706.8
E16/F17,Skema B,Planintegraler og Fladeintegraler Del 2,https://video.dtu.dk/media/Planintegraler+og+Fladeintegraler+Del+2/0_ihv1c4k1/185142,0_ihv1c4k1,2536.28
E16/F17,Skema B,Særlige fladeintegraler,https://video.dtu.dk/media/S%C3%A6rlige+fladeintegraler/0_cwbnzsns/185142,0_cwbnzsns,3739.48
E16/F17,Skema B,Rumlige Områder og Rumintegraler Del 1,https://video.dtu.dk/media/Rumlige+Omr%C3%A5der+og+Rumintegraler+Del+1/0_j9sr306v/185142,0_j9sr306v,2862.12
E16/F17,Skema B,Rumlige Områder og Rumintegraler Del 2,https://video.dtu.dk/media/Rumlige+Omr%C3%A5der+og+Rumintegraler+Del+2/0_x6d7vmth/185142,0_x6d7vmth,2666.84
E16/F17,Skema B,Vektorfelter med Tangentielle Kurveintegraler Del 1,https://video.dtu.dk/media/Vektorfelter+med+Tangentielle+Kurveintegraler+Del+1/0_vtc8a9i7/185142,0_vtc8a9i7,3016.6
E16/F17,Skema B,Vektorfelter med Tangentielle Kurveintegraler Del 2,https://video.dtu.dk/media/Vektorfelter+med+Tangentielle+Kurveintegraler+Del+2/0_oii30y7x/185142,0_oii30y7x,2664.68
E16/F17,Skema B,"Rep. Vektorfelter, gradientfelter,tangentielt kurveintegral, divergens og rotation",https://video.dtu.dk/media/Rep.+Vektorfelter%2C+gradientfelter%2Ctangentielt+kurveintegral%2C+divergens+og+rotation/0_y3r7eief/185142,0_y3r7eief,3098.32
E16/F17,Skema B,Flux og Gauss' Divergenssætning Del 1,https://video.dtu.dk/media/Flux+og+Gauss%27+Divergenss%C3%A6tning+Del+1/0_76i15c9j/185142,0_76i15c9j,2460.16
E16/F17,Skema B,Flux og Gauss' Divergenssætning Del 2,https://video.dtu.dk/media/Flux+og+Gauss%27+Divergenss%C3%A6tning+Del+2/0_5vw3j3tw/185142,0_5vw3j3tw,3113.24
E16/F17,Skema B,Gauss’ divergenssætning og fluxintegral,https://video.dtu.dk/media/Gauss%E2%80%99+divergenss%C3%A6tning+og+fluxintegral/0_hd84grkb/185142,0_hd84grkb,2845.16
E16/F17,Skema B,Stokes' Sætning og Stamvektorfelter Del 1,https://video.dtu.dk/media/Stokes%27+S%C3%A6tning+og+Stamvektorfelter+Del+1/0_zj87gsub/185142,0_zj87gsub,2915.52
E16/F17,Skema B,Stokes' Sætning og Stamvektorfelter Del 2,https://video.dtu.dk/media/Stokes%27+S%C3%A6tning+og+Stamvektorfelter+Del+2/0_omaq8pp0/185142,0_omaq8pp0,1683.56
E16/F17,Skema B,Repetition: 2-timersprøven Maj 2016,https://video.dtu.dk/media/RepetitionA+2-timerspr%C3%B8ven+Maj+2016/0_hap3jqpc/185142,0_hap3jqpc,6416.68
E16/F17,Skema B,InterMat Projekt Del 1,https://video.dtu.dk/media/InterMat+Projekt+Del+1/0_ybrbiuuk/185142,0_ybrbiuuk,5351.24
E16/F17,Skema B,InterMat Projekt Del 1,https://video.dtu.dk/media/InterMat+Projekt+Del+1/0_crhhljfp/185142,0_crhhljfp,5351.24
E16/F17,Skema B,InterMat Projekt Del 1,https://video.dtu.dk/media/InterMat+Projekt+Del+1/0_dud8gcpr/185142,0_dud8gcpr,5351.24
E16/F17,Skema B,InterMat Projekt Del 1,https://video.dtu.dk/media/InterMat+Projekt+Del+1/0_risvw6yd/185142,0_risvw6yd,5351.24
E16/F17,Skema B,InterMat Projektdag Del 2,https://video.dtu.dk/media/InterMat+Projektdag+Del+2/0_ayvfcnsq/185142,0_ayvfcnsq,2170.48
E17/F18,Skema B,Komplekse tal 1 -part 1,https://video.dtu.dk/media/Komplekse+tal+1+-part+1/0_p1cud2lg/185138,0_p1cud2lg,2924.48
E17/F18,Skema B,Komplekse tal 1 -part 2,https://video.dtu.dk/media/Komplekse+tal+1+-part+2/0_36d9gwrz/185138,0_36d9gwrz,2267.4
E17/F18,Skema B,Regning med reelle og komplekse tal,https://video.dtu.dk/media/Regning+med+reelle+og+komplekse+tal/0_fe6jkjnf/185138,0_fe6jkjnf,3545.96
E17/F18,Skema B,Polære koordinater og eksponentiel form - Part 1,https://video.dtu.dk/media/Pol%C3%A6re+koordinater+og+eksponentiel+form+-+Part+1/0_uiguijao/185138,0_uiguijao,2812.56
E17/F18,Skema B,Polære koordinater og eksponentiel form - Part 2,https://video.dtu.dk/media/Pol%C3%A6re+koordinater+og+eksponentiel+form+-+Part+2/0_w2mchz0d/185138,0_w2mchz0d,2575.88
E17/F18,Skema B,Polære koordinater og eksponentialfunktionen,https://video.dtu.dk/media/Pol%C3%A6re+koordinater+og+eksponentialfunktionen/0_lgm9dzwb/185138,0_lgm9dzwb,3529.4
E17/F18,Skema B,Komplekse Tal-Polynomier Part 1,https://video.dtu.dk/media/Komplekse+Tal-Polynomier+Part+1/0_va1hidud/185138,0_va1hidud,3265.92
E17/F18,Skema B,Komplekse Tal-Polynomier Part 2,https://video.dtu.dk/media/Komplekse+Tal-Polynomier+Part+2/0_7kemrj82/185138,0_7kemrj82,2501.32
E17/F18,Skema B,Komplekse tal - Differentiabilitet,https://video.dtu.dk/media/Komplekse+tal+-+Differentiabilitet/0_hblvo135/185138,0_hblvo135,3296.28
E17/F18,Skema B,Taylors Formel part 1,https://video.dtu.dk/media/Taylors+Formel+part+1/0_uwzet5oi/185138,0_uwzet5oi,2781.8
E17/F18,Skema B,Taylors Formel part 2,https://video.dtu.dk/media/Taylors+Formel+part+2/0_720s8mqq/185138,0_720s8mqq,2151.56
E17/F18,Skema B,Lineære ligningssystemer - Part 1,https://video.dtu.dk/media/Line%C3%A6re+ligningssystemer+-+Part+1/0_4kt3v87w/185138,0_4kt3v87w,3427.4
E17/F18,Skema B,Lineære ligningssystemer - Part 2,https://video.dtu.dk/media/Line%C3%A6re+ligningssystemer+-+Part+2/0_ldjjh4mt/185138,0_ldjjh4mt,2656.48
E17/F18,Skema B,Matrixalgebra,https://video.dtu.dk/media/Matrixalgebra/0_l648j4iv/185138,0_l648j4iv,3245.36
E17/F18,Skema B,Determinanter og vektor-geometri-Part1,https://video.dtu.dk/media/Determinanter+og+vektor-geometri-Part1/0_u21wuh3e/185138,0_u21wuh3e,2887.32
E17/F18,Skema B,Determinanter og vektor-geometri-Part2,https://video.dtu.dk/media/Determinanter+og+vektor-geometri-Part2/0_y3mhkg4j/185138,0_y3mhkg4j,2973.04
E17/F18,Skema B,Geometri i planen og rummet,https://video.dtu.dk/media/Geometri+i+planen+og+rummet/0_0f02vaqy/185138,0_0f02vaqy,3326.72
E17/F18,Skema B,Vektorrum-Part 1,https://video.dtu.dk/media/Vektorrum-Part+1/0_7jdsmfb0/185138,0_7jdsmfb0,3004.92
E17/F18,Skema B,Vektorrum-Part 1,https://video.dtu.dk/media/Vektorrum-Part+1/0_1hm84l8a/185138,0_1hm84l8a,3004.92
E17/F18,Skema B,Vektorrum-Part 2,https://video.dtu.dk/media/Vektorrum-Part+2/0_pumksmj8/185138,0_pumksmj8,2882.04
E17/F18,Skema B,Lineære afbildninger-Part 2,https://video.dtu.dk/media/Line%C3%A6re+afbildninger-Part+2/0_fm48dkhx/185138,0_fm48dkhx,3129.76
E17/F18,Skema B,Lineære afbildninger-Part 1,https://video.dtu.dk/media/Line%C3%A6re+afbildninger-Part+1/0_ros2ggy1/185138,0_ros2ggy1,2816.12
E17/F18,Skema B,Afbildningsmatricer og basisskifte,https://video.dtu.dk/media/Afbildningsmatricer+og+basisskifte/0_1hxzf1iz/185138,0_1hxzf1iz,3199.04
E17/F18,Skema B,Lineære 1.ordens differentialligninger - Del 1,https://video.dtu.dk/media/Line%C3%A6re+1.ordens+differentialligninger+-+Del+1/0_u8lpj7an/185138,0_u8lpj7an,2615.24
E17/F18,Skema B,Lineære 1.ordens differentialligninger - Del 2,https://video.dtu.dk/media/Line%C3%A6re+1.ordens+differentialligninger+-+Del+2/0_byqlbkjm/185138,0_byqlbkjm,2358.56
E17/F18,Skema B,Egenværdier og Egenvektorer -Part1,https://video.dtu.dk/media/Egenv%C3%A6rdier+og+Egenvektorer+-Part1/0_nulgp7p3/185138,0_nulgp7p3,3037.84
E17/F18,Skema B,Egenværdier og Egenvektorer -Part2,https://video.dtu.dk/media/Egenv%C3%A6rdier+og+Egenvektorer+-Part2/0_zj5jde3w/185138,0_zj5jde3w,3015.64
E17/F18,Skema B,Diagonalisering ved similartransformation,https://video.dtu.dk/media/Diagonalisering+ved+similartransformation/0_9wf0sa6h/185138,0_9wf0sa6h,3166.2
E17/F18,Skema B,Symmetriske matricer -Part1,https://video.dtu.dk/media/Symmetriske+matricer+-Part1/0_qmj6v8ke/185138,0_qmj6v8ke,2857.52
E17/F18,Skema B,Symmetriske matricer -Part2,https://video.dtu.dk/media/Symmetriske+matricer+-Part2/0_7jslsmbv/185138,0_7jslsmbv,2844.68
E17/F18,Skema B,Positiv ortogonal matrix,https://video.dtu.dk/media/Positiv+ortogonal+matrix/0_g3x8vvak/185138,0_g3x8vvak,2606.6
E17/F18,Skema B,Differentialligningssystemer - Part 1,https://video.dtu.dk/media/Differentialligningssystemer+-+Part+1/0_h1spmcsy/185138,0_h1spmcsy,2990.4
E17/F18,Skema B,Differentialligningssystemer - Part 2,https://video.dtu.dk/media/Differentialligningssystemer+-+Part+2/0_6ox5iwpa/185138,0_6ox5iwpa,2033.24
E17/F18,Skema B,Andenordens differentialligninger - Part 1,https://video.dtu.dk/media/Andenordens+differentialligninger+-+Part+1/0_g3zswarj/185138,0_g3zswarj,2640.4
E17/F18,Skema B,Andenordens differentialligninger - Part 2,https://video.dtu.dk/media/Andenordens+differentialligninger+-+Part+2/0_n55lsns4/185138,0_n55lsns4,2652.8
E17/F18,Skema B,Øvelse.,https://video.dtu.dk/media/%C3%98velse./0_481y9w9f/185138,0_481y9w9f,3937.56
E17/F18,Skema B,Funktioner af to variable Del 1,https://video.dtu.dk/media/Funktioner+af+to+variable+Del+1/0_ut3rt155/185138,0_ut3rt155,3070.32
E17/F18,Skema B,Funktioner af to variable del 2,https://video.dtu.dk/media/Funktioner+af+to+variable+del+2/0_zonsj2rf/185138,0_zonsj2rf,3433.48
E17/F18,Skema B,Mere om funktioner af to variable,https://video.dtu.dk/media/Mere+om+funktioner+af+to+variable/0_by13cx05/185138,0_by13cx05,3392.32
E17/F18,Skema B,Taylors formler del 2,https://video.dtu.dk/media/Taylors+formler+del+2/0_lntfb4pc/185138,0_lntfb4pc,2970.28
E17/F18,Skema B,Taylors formler del 1,https://video.dtu.dk/media/Taylors+formler+del+1/0_gzf88zns/185138,0_gzf88zns,2835.08
E17/F18,Skema B,Keglesnit,https://video.dtu.dk/media/Keglesnit/0_xf33qhdc/185138,0_xf33qhdc,3511.76
E17/F18,Skema B,Ekstremumsundersøgelser Del 1,https://video.dtu.dk/media/Ekstremumsunders%C3%B8gelser+Del+1/0_6xvr5trs/185138,0_6xvr5trs,3044.72
E17/F18,Skema B,Ekstremumsundersøgelser Del 2,https://video.dtu.dk/media/Ekstremumsunders%C3%B8gelser+Del+2/0_va0glbam/185138,0_va0glbam,2312.56
E17/F18,Skema B,Riemannintegralet og dets brug på kurver Del 1,https://video.dtu.dk/media/Riemannintegralet+og+dets+brug+p%C3%A5+kurver+Del+1/0_vxc7f3bn/185138,0_vxc7f3bn,2781.8
E17/F18,Skema B,Riemannintegralet og dets brug på kurver Del 2,https://video.dtu.dk/media/Riemannintegralet+og+dets+brug+p%C3%A5+kurver+Del+2/0_v9uckq94/185138,0_v9uckq94,2648.6
E17/F18,Skema B,Integrationsteknik,https://video.dtu.dk/media/Integrationsteknik/0_ulsvxuxw/185138,0_ulsvxuxw,3589.44
E17/F18,Skema B,Planintegraler og Fladeintegraler Del 1 (Reupload),https://video.dtu.dk/media/Planintegraler+og+Fladeintegraler+Del+1+%28Reupload%29/0_65vjppl2/185138,0_65vjppl2,2706.8
E17/F18,Skema B,Planintegraler og Fladeintegraler Del 2,https://video.dtu.dk/media/Planintegraler+og+Fladeintegraler+Del+2/0_w4hgz8nt/185138,0_w4hgz8nt,2536.28
E17/F18,Skema B,Særlige flader i rummet,https://video.dtu.dk/media/S%C3%A6rlige+flader+i+rummet/0_msc7go5j/185138,0_msc7go5j,2862.76
E17/F18,Skema B,Rumlige områder og Rumintegraler Del 2,https://video.dtu.dk/media/Rumlige+omr%C3%A5der+og+Rumintegraler+Del+2/0_vwmwhbnk/185138,0_vwmwhbnk,2925.64
E17/F18,Skema B,Rumlige områder og Rumintegraler Del 1,https://video.dtu.dk/media/Rumlige+omr%C3%A5der+og+Rumintegraler+Del+1/0_a5xfv1bj/185138,0_a5xfv1bj,2770.12
E17/F18,Skema B,Vektorfelter del 2,https://video.dtu.dk/media/Vektorfelter+del+2/0_f4jwzl1g/185138,0_f4jwzl1g,3103.44
E17/F18,Skema B,Vektorfelter del 1,https://video.dtu.dk/media/Vektorfelter+del+1/0_gmomiux2/185138,0_gmomiux2,3021.24
E17/F18,Skema B,Mere om gradientvektorfelter,https://video.dtu.dk/media/Mere+om+gradientvektorfelter/0_gsmf4wm8/185138,0_gsmf4wm8,3190.28
E17/F18,Skema B,Flux og Gauss’ divergenssætning del 2,https://video.dtu.dk/media/Flux+og+Gauss%E2%80%99+divergenss%C3%A6tning+del+2/0_h9qlm9rr/185138,0_h9qlm9rr,2696.68
E17/F18,Skema B,Flux og Gauss’ divergenssætning del 1,https://video.dtu.dk/media/Flux+og+Gauss%E2%80%99+divergenss%C3%A6tning+del+1/0_w9qips9f/185138,0_w9qips9f,2860.88
E17/F18,Skema B,Mere om Gauss’ divergenssætning,https://video.dtu.dk/media/Mere+om+Gauss%E2%80%99+divergenss%C3%A6tning/0_lxth9w73/185138,0_lxth9w73,3148.24
E17/F18,Skema B,Stokes’ sætning,https://video.dtu.dk/media/Stokes%E2%80%99+s%C3%A6tning/0_dzl6vpsx/185138,0_dzl6vpsx,3768.4
E17/F18,Skema B,Gennemgang af eksamenssæt maj 2017 - opgave 2 og 3,https://video.dtu.dk/media/Gennemgang+af+eksamenss%C3%A6t+maj+2017+-+opgave+2+og+3/0_ujtnuno6/185138,0_ujtnuno6,2226.0
E17/F18,Skema B,Gennemgang af eksamenssæt maj 2017 - opgave 1,https://video.dtu.dk/media/Gennemgang+af+eksamenss%C3%A6t+maj+2017+-+opgave+1/0_cvqwiscu/185138,0_cvqwiscu,1253.6
E17/F18,Skema B,Gennemgang af eksamenssæt maj 2017 - opgave 4,https://video.dtu.dk/media/Gennemgang+af+eksamenss%C3%A6t+maj+2017+-+opgave+4/0_aopm3kr1/185138,0_aopm3kr1,1900.32
E18/F19,Skema B,"Uge 13, Store Dag: Stokes’ sætning og potentialer Part 2",https://video.dtu.dk/media/Uge+13%2C+Store+DagA+Stokes%E2%80%99+s%C3%A6tning+og+potentialer+Part+2/0_snggc4qs/218754,0_snggc4qs,2495.233333333333
E18/F19,Skema B,"Uge 13, Store Dag: Stokes’ sætning og potentialer Part 1",https://video.dtu.dk/media/Uge+13%2C+Store+DagA+Stokes%E2%80%99+s%C3%A6tning+og+potentialer+Part+1/0_s7iu5v0m/218754,0_s7iu5v0m,2600.0333333333333
E18/F19,Skema B,"Uge 12, Lille dag: Repetition Del 2",https://video.dtu.dk/media/Uge+12%2C+Lille+dagA+Repetition+Del+2/0_afqcuyqe/218754,0_afqcuyqe,1801.9
E18/F19,Skema B,"Uge 12, Lille dag: Repetition Del 1",https://video.dtu.dk/media/Uge+12%2C+Lille+dagA+Repetition+Del+1/0_cskpvky9/218754,0_cskpvky9,2649.8333333333335
E18/F19,Skema B,"Uge 8, Store Dag: Flux og Gauss’ divergenssætning Part 2",https://video.dtu.dk/media/Uge+8%2C+Store+DagA+Flux+og+Gauss%E2%80%99+divergenss%C3%A6tning+Part+2/0_fyuz7avc/218754,0_fyuz7avc,2700.6
E18/F19,Skema B,"Uge 8, Store Dag: Flux og Gauss’ divergenssætning Part 1",https://video.dtu.dk/media/Uge+8%2C+Store+DagA+Flux+og+Gauss%E2%80%99+divergenss%C3%A6tning+Part+1/0_rq91jh5e/218754,0_rq91jh5e,2442.5
E18/F19,Skema B,"Uge 7, Lille Dag: Mere om gradientvektorfelter",https://video.dtu.dk/media/Uge+7%2C+Lille+DagA+Mere+om+gradientvektorfelter/0_29pyqdm4/218754,0_29pyqdm4,2894.0333333333333
E18/F19,Skema B,"Uge 7, Store Dag: Vektorfelter Part 2",https://video.dtu.dk/media/Uge+7%2C+Store+DagA+Vektorfelter+Part+2/0_h26cxkcg/218754,0_h26cxkcg,3145.0666666666666
E18/F19,Skema B,"Uge 7, Store Dag: Vektorfelter Part 1",https://video.dtu.dk/media/Uge+7%2C+Store+DagA+Vektorfelter+Part+1/0_khtjk7pt/218754,0_khtjk7pt,2854.5666666666666
E18/F19,Skema B,"Uge 6, Store Dag: Rumlige områder og Rumintegraler Part 2",https://video.dtu.dk/media/Uge+6%2C+Store+DagA+Rumlige+omr%C3%A5der+og+Rumintegraler+Part+2/0_01td9ke3/218754,0_01td9ke3,2703.8
E18/F19,Skema B,"Uge 6, Store Dag: Rumlige områder og Rumintegraler Part 1",https://video.dtu.dk/media/Uge+6%2C+Store+DagA+Rumlige+omr%C3%A5der+og+Rumintegraler+Part+1/0_luwkgf84/218754,0_luwkgf84,2887.0
E18/F19,Skema B,"Uge 5, Lille Dag: Særlige flader i rummet",https://video.dtu.dk/media/Uge+5%2C+Lille+DagA+S%C3%A6rlige+flader+i+rummet/0_me4sb5m4/218754,0_me4sb5m4,2570.2
E18/F19,Skema B,"Uge 4, Lille Dag: Integrationsteknik",https://video.dtu.dk/media/Uge+4%2C+Lille+DagA+Integrationsteknik/0_1ain8y8s/218754,0_1ain8y8s,3061.5666666666666
E18/F19,Skema B,Uge 4: Store Dag: Riemannintegralet og dets brug på kurver Part 2,https://video.dtu.dk/media/Uge+4A+Store+DagA+Riemannintegralet+og+dets+brug+p%C3%A5+kurver+Part+2/0_obscxwho/218754,0_obscxwho,2293.8333333333335
E18/F19,Skema B,Uge 4: Store Dag: Riemannintegralet og dets brug på kurver Part 1,https://video.dtu.dk/media/Uge+4A+Store+DagA+Riemannintegralet+og+dets+brug+p%C3%A5+kurver+Part+1/0_m0nfqq6o/218754,0_m0nfqq6o,2577.266666666667
E18/F19,Skema B,"Uge 3, Store Dag: Ekstremumsundersøgelser Part 2",https://video.dtu.dk/media/Uge+3%2C+Store+DagA+Ekstremumsunders%C3%B8gelser+Part+2/0_0qy5lhqw/218754,0_0qy5lhqw,2242.5
E18/F19,Skema B,"Uge 3, Store Dag: Ekstremumsundersøgelser part 1",https://video.dtu.dk/media/Uge+3%2C+Store+DagA+Ekstremumsunders%C3%B8gelser+part+1/0_8jn08o8f/218754,0_8jn08o8f,3040.366666666667
E18/F19,Skema B,"Uge 2, Store Dag: Taylors formler Part 2",https://video.dtu.dk/media/Uge+2%2C+Store+DagA+Taylors+formler+Part+2/0_dtowqqoh/218754,0_dtowqqoh,2633.0997664331
E18/F19,Skema B,"Uge 2, Store Dag: Taylors formler Part 1",https://video.dtu.dk/media/Uge+2%2C+Store+DagA+Taylors+formler+Part+1/0_o612v5nk/218754,0_o612v5nk,2715.348682015349
E18/F19,Skema B,Komplekse tal pÃ¥ rektangulÃ¦r form - Part1,https://video.dtu.dk/media/Komplekse+tal+p%C3%83%C2%A5+rektangul%C3%83%C2%A6r+form+-+Part1/0_mm44gsx9/218754,0_mm44gsx9,2649.68
E18/F19,Skema B,Komplekse tal pÃ¥ rektangulÃ¦r form - Part2,https://video.dtu.dk/media/Komplekse+tal+p%C3%83%C2%A5+rektangul%C3%83%C2%A6r+form+-+Part2/0_j2ci426w/218754,0_j2ci426w,2565.72
E18/F19,Skema B,Regning med reelle og komplekse tal,https://video.dtu.dk/media/Regning+med+reelle+og+komplekse+tal/0_phv8t50f/218754,0_phv8t50f,3577.68
E18/F19,Skema B,"Uge 2, Store Dag: PolÃ¦re koordinater og eksponentiel form - Part1",https://video.dtu.dk/media/Uge+2%2C+Store+DagA+Pol%C3%83%C2%A6re+koordinater+og+eksponentiel+form+-+Part1/0_o8n6cldu/218754,0_o8n6cldu,2832.92
E18/F19,Skema B,"Uge 2, Store Dag: PolÃ¦re koordinater og eksponentiel form - Part2",https://video.dtu.dk/media/Uge+2%2C+Store+DagA+Pol%C3%83%C2%A6re+koordinater+og+eksponentiel+form+-+Part2/0_ddxiz4zn/218754,0_ddxiz4zn,2526.24
E18/F19,Skema B,"Uge 2, Lille Dag: PolÃ¦re koordinater og eksponentialfunktionen",https://video.dtu.dk/media/Uge+2%2C+Lille+DagA+Pol%C3%83%C2%A6re+koordinater+og+eksponentialfunktionen/0_z7rjz126/218754,0_z7rjz126,3663.44
E18/F19,Skema B,"Uge 3, Store Dag: Polynomier - Part1",https://video.dtu.dk/media/Uge+3%2C+Store+DagA+Polynomier+-+Part1/0_sehxkjo1/218754,0_sehxkjo1,2741.96
E18/F19,Skema B,"Uge 3, Store Dag: Polynomier - Part2",https://video.dtu.dk/media/Uge+3%2C+Store+DagA+Polynomier+-+Part2/0_8chxoatv/218754,0_8chxoatv,3025.32
E18/F19,Skema B,"Uge 3, Lille Dag: Differentiabilitet",https://video.dtu.dk/media/Uge+3%2C+Lille+DagA+Differentiabilitet/0_ii4bbard/218754,0_ii4bbard,3572.76
E18/F19,Skema B,Taylors formler del 2,https://video.dtu.dk/media/Taylors+formler+del+2/0_k4psuxfj/218754,0_k4psuxfj,1682.44
E18/F19,Skema B,Taylors formler del 1,https://video.dtu.dk/media/Taylors+formler+del+1/0_ay0d3kk5/218754,0_ay0d3kk5,2986.88
E18/F19,Skema B,"Uge 5, Hold B: Lineære ligningssystemer Del 1",https://video.dtu.dk/media/Uge+5%2C+Hold+BA+Line%C3%A6re+ligningssystemer+Del+1/0_65hndm84/218754,0_65hndm84,3025.8
E18/F19,Skema B,"Uge 5, Hold B: Lineære ligningssystemer Del 2",https://video.dtu.dk/media/Uge+5%2C+Hold+BA+Line%C3%A6re+ligningssystemer+Del+2/0_iey5769m/218754,0_iey5769m,3140.16
E18/F19,Skema B,"Uge 5, Lille Dag: Matrixalgebra",https://video.dtu.dk/media/Uge+5%2C+Lille+DagA+Matrixalgebra/0_9az6ab1o/218754,0_9az6ab1o,3289.08
E18/F19,Skema B,Determinanter og vektor-geometri del 1,https://video.dtu.dk/media/Determinanter+og+vektor-geometri+del+1/0_i4t37mkl/218754,0_i4t37mkl,3079.56
E18/F19,Skema B,Determinanter og vektor-geometri del 2,https://video.dtu.dk/media/Determinanter+og+vektor-geometri+del+2/0_i8239q3r/218754,0_i8239q3r,3162.08
E18/F19,Skema B,"Uge 6, Lille Dag: Geometri i planen og rummet",https://video.dtu.dk/media/Uge+6%2C+Lille+DagA+Geometri+i+planen+og+rummet/0_o7plvss9/218754,0_o7plvss9,3162.24
E18/F19,Skema B,Vektorrum Del 1,https://video.dtu.dk/media/Vektorrum+Del+1/0_pzaldtm2/218754,0_pzaldtm2,3144.0
E18/F19,Skema B,Vektorrum Del 2,https://video.dtu.dk/media/Vektorrum+Del+2/0_ap97d8sc/218754,0_ap97d8sc,2691.64
E18/F19,Skema B,LineÃ¦re afbildninger del 1,https://video.dtu.dk/media/Line%C3%83%C2%A6re+afbildninger+del+1/0_w7klsed4/218754,0_w7klsed4,2845.2
E18/F19,Skema B,LineÃ¦re afbildninger del 2,https://video.dtu.dk/media/Line%C3%83%C2%A6re+afbildninger+del+2/0_so4u6f5b/218754,0_so4u6f5b,3411.4
E18/F19,Skema B,"Uge 8, Lille Dag: Afbildningsmatricer og basisskifte",https://video.dtu.dk/media/Uge+8%2C+Lille+DagA+Afbildningsmatricer+og+basisskifte/0_v2urlnt9/218754,0_v2urlnt9,1730.4
E18/F19,Skema B,LineÃ¦re 1.ordens differentialligninger del 1,https://video.dtu.dk/media/Line%C3%83%C2%A6re+1.ordens+differentialligninger+del+1/0_uk166wku/218754,0_uk166wku,2801.04
E18/F19,Skema B,LineÃ¦re 1.ordens differentialligninger del 2,https://video.dtu.dk/media/Line%C3%83%C2%A6re+1.ordens+differentialligninger+del+2/0_kqi256a4/218754,0_kqi256a4,1999.72
E18/F19,Skema B,EgenvÃ¦rdier og Egenvektorer del 1,https://video.dtu.dk/media/Egenv%C3%83%C2%A6rdier+og+Egenvektorer+del+1/0_qdf2fvp2/218754,0_qdf2fvp2,2701.76
E18/F19,Skema B,EgenvÃ¦rdier og Egenvektorer del 2,https://video.dtu.dk/media/Egenv%C3%83%C2%A6rdier+og+Egenvektorer+del+2/0_omoznc2p/218754,0_omoznc2p,3037.96
E18/F19,Skema B,"Uge 10, Lille Dag: Diagonalisering ved similartransformation",https://video.dtu.dk/media/Uge+10%2C+Lille+DagA+Diagonalisering+ved+similartransformation/0_acqi932m/218754,0_acqi932m,2628.28
E18/F19,Skema B,Symmetriske matricer del 1,https://video.dtu.dk/media/Symmetriske+matricer+del+1/0_o1f42cig/218754,0_o1f42cig,2671.28
E18/F19,Skema B,Symmetriske matricer del 2,https://video.dtu.dk/media/Symmetriske+matricer+del+2/0_5328z9qt/218754,0_5328z9qt,2373.24
E18/F19,Skema B,"Uge 11, Lille Dag: Diagonalisering ved ortogonal substition",https://video.dtu.dk/media/Uge+11%2C+Lille+DagA+Diagonalisering+ved+ortogonal+substition/0_s7x3w2gh/218754,0_s7x3w2gh,2900.28
E18/F19,Skema B,Differentialligningssystemer del 2,https://video.dtu.dk/media/Differentialligningssystemer+del+2/0_73opgwpa/218754,0_73opgwpa,3287.72
E18/F19,Skema B,Differentialligningssystemer del 1,https://video.dtu.dk/media/Differentialligningssystemer+del+1/0_0awr6vwy/218754,0_0awr6vwy,2550.32
E18/F19,Skema B,Andenordens differentialligninger del 1,https://video.dtu.dk/media/Andenordens+differentialligninger+del+1/0_rsg9xdws/218754,0_rsg9xdws,3254.0
E18/F19,Skema B,"Uge 13, Lille Dag: 2016 Repetition",https://video.dtu.dk/media/Uge+13%2C+Lille+DagA+2016+Repetition/0_sjf2yzs0/218754,0_sjf2yzs0,4388.32
E18/F19,Skema B,"Uge 1, Lille Dag: Mere om funktioner af to variable",https://video.dtu.dk/media/Uge+1%2C+Lille+DagA+Mere+om+funktioner+af+to+variable/0_0c7wcwij/218754,0_0c7wcwij,3619.9732798931195
E19/F20,Skema B,"Uge 3, Store Dag: Ekstremumsundersøgelser Part 2",https://video.dtu.dk/media/Uge+3%2C+Store+DagA+Ekstremumsunders%C3%B8gelser+Part+2/0_2wnzdrx6/241155,0_2wnzdrx6,2242.0333333333333
E19/F20,Skema B,"Uge 3, Store Dag: Ekstremumsundersøgelser part 1",https://video.dtu.dk/media/Uge+3%2C+Store+DagA+Ekstremumsunders%C3%B8gelser+part+1/0_rpz8h8w1/241155,0_rpz8h8w1,3040.0333333333333
E19/F20,Skema B,"Uge 8, Store Dag: Flux og Gauss’ divergenssætning Del 2",https://video.dtu.dk/media/Uge+8%2C+Store+DagA+Flux+og+Gauss%E2%80%99+divergenss%C3%A6tning+Del+2/0_zpwgjfh4/241155,0_zpwgjfh4,2700.0333333333333
E19/F20,Skema B,"Uge 8, Store Dag: Flux og Gauss’ divergenssætning Del 1",https://video.dtu.dk/media/Uge+8%2C+Store+DagA+Flux+og+Gauss%E2%80%99+divergenss%C3%A6tning+Del+1/0_wkvert3e/241155,0_wkvert3e,2442.0333333333333
E19/F20,Skema B,"Uge 7, Lille Dag: Mere om gradientvektorfelter",https://video.dtu.dk/media/Uge+7%2C+Lille+DagA+Mere+om+gradientvektorfelter/0_we6o3vpn/241155,0_we6o3vpn,2894.0333333333333
E19/F20,Skema B,"Uge 7, Store Dag: Vektorfelter Del 2",https://video.dtu.dk/media/Uge+7%2C+Store+DagA+Vektorfelter+Del+2/0_7r9m42ey/241155,0_7r9m42ey,3145.0333333333333
E19/F20,Skema B,"Uge 7, Store Dag: Vektorfelter Del 1",https://video.dtu.dk/media/Uge+7%2C+Store+DagA+Vektorfelter+Del+1/0_n4419v7q/241155,0_n4419v7q,2854.0333333333333
E19/F20,Skema B,"Uge 6, Store Dag – Rumintegraler Del 2",https://video.dtu.dk/media/Uge+6%2C+Store+Dag+%E2%80%93+Rumintegraler+Del+2/0_2mc5fvw1/241155,0_2mc5fvw1,3016.0666666666666
E19/F20,Skema B,"Uge 6, Store Dag – Rumintegraler Del 1",https://video.dtu.dk/media/Uge+6%2C+Store+Dag+%E2%80%93+Rumintegraler+Del+1/0_yyn8yfq9/241155,0_yyn8yfq9,2391.133333333333
E19/F20,Skema B,"Uge 5, Lille Dag: Særlige flader i rummet",https://video.dtu.dk/media/Uge+5%2C+Lille+DagA+S%C3%A6rlige+flader+i+rummet/0_mmlavfgr/241155,0_mmlavfgr,3190.0666666666666
E19/F20,Skema B,"Uge 5, Store Dag – Planintegraler del 2",https://video.dtu.dk/media/Uge+5%2C+Store+Dag+%E2%80%93+Planintegraler+del+2/0_cih2pm3f/241155,0_cih2pm3f,2572.2
E19/F20,Skema B,"Uge 5, Store Dag – Planintegraler del 1",https://video.dtu.dk/media/Uge+5%2C+Store+Dag+%E2%80%93+Planintegraler+del+1/0_l078iura/241155,0_l078iura,2776.0
E19/F20,Skema B,"Uge 4, Lille Dag: Integrationsteknik",https://video.dtu.dk/media/Uge+4%2C+Lille+DagA+Integrationsteknik/0_zehvurmy/241155,0_zehvurmy,3507.8
E19/F20,Skema B,"Uge 4, Lille Dag: Integrationsteknik",https://video.dtu.dk/media/Uge+4%2C+Lille+DagA+Integrationsteknik/0_sa93kjmf/241155,0_sa93kjmf,3589.999333333333
E19/F20,Skema B,"Uge 4, Store Dag - Riemann-integralet del 2",https://video.dtu.dk/media/Uge+4%2C+Store+Dag+-+Riemann-integralet+del+2/0_zscgnmbu/241155,0_zscgnmbu,2001.0666666666666
E19/F20,Skema B,"Uge 4, Store Dag - Riemann-integralet del 1",https://video.dtu.dk/media/Uge+4%2C+Store+Dag+-+Riemann-integralet+del+1/0_n1gd52gn/241155,0_n1gd52gn,2981.733333333333
E19/F20,Skema B,"Uge 2, Lille Dag: Keglesnit",https://video.dtu.dk/media/Uge+2%2C+Lille+DagA+Keglesnit/0_cyyzl7ph/241155,0_cyyzl7ph,3375.9993333333337
E19/F20,Skema B,"Uge 2, Store Dag: Taylors formler i to variable Del 2",https://video.dtu.dk/media/Uge+2%2C+Store+DagA+Taylors+formler+i+to+variable+Del+2/0_j0zeoj2u/241155,0_j0zeoj2u,2733.8
E19/F20,Skema B,"Uge 2, Store Dag: Taylors formler i to variable Del 1",https://video.dtu.dk/media/Uge+2%2C+Store+DagA+Taylors+formler+i+to+variable+Del+1/0_nusqqx7z/241155,0_nusqqx7z,2758.9
E19/F20,Skema B,Uge 1 - Store Dag: Funktioner af to variable Del 2,https://video.dtu.dk/media/Uge+1+-+Store+DagA+Funktioner+af+to+variable+Del+2/0_5t0oijg3/241155,0_5t0oijg3,2866.032699366033
E19/F20,Skema B,"Uge 1, Store Dag: Funktioner af to variable Del 1",https://video.dtu.dk/media/Uge+1%2C+Store+DagA+Funktioner+af+to+variable+Del+1/0_g0oqo62e/241155,0_g0oqo62e,3286.61995328662
E19/F20,Skema B,"Uge 1, Lille Dag: Mere om funktioner af to variable",https://video.dtu.dk/media/Uge+1%2C+Lille+DagA+Mere+om+funktioner+af+to+variable/0_oysu93cn/241155,0_oysu93cn,3602.5
E19/F20,Skema B,Funktioner af to variable,https://video.dtu.dk/media/Funktioner+af+to+variable/0_rb50fmqs/241155,0_rb50fmqs,7761.141333333333
E19/F20,Skema B,Uge 13 Lilledag Repetition,https://video.dtu.dk/media/Uge+13+Lilledag+Repetition/0_h3ktdh7z/241155,0_h3ktdh7z,4381.999333333333
E19/F20,Skema B,"Uge 13, Store Dag: Andenordens differentialligninger Del 1",https://video.dtu.dk/media/Uge+13%2C+Store+DagA+Andenordens+differentialligninger+Del+1/0_f8qm3d1z/241155,0_f8qm3d1z,2700.1666666666665
E19/F20,Skema B,"Uge 13, Store Dag: Andenordens differentialligninger Del 2",https://video.dtu.dk/media/Uge+13%2C+Store+DagA+Andenordens+differentialligninger+Del+2/0_d22kju7m/241155,0_d22kju7m,1963.9993333333334
E19/F20,Skema B,Uge 12 Store dag: Differentialligningssystemer part 2,https://video.dtu.dk/media/Uge+12+Store+dagA+Differentialligningssystemer+part+2/0_33b5l08m/241155,0_33b5l08m,2254.8333333333335
E19/F20,Skema B,Uge 12 Store dag: Differentialligningssystemer part1,https://video.dtu.dk/media/Uge+12+Store+dagA+Differentialligningssystemer+part1/0_zupwbzd8/241155,0_zupwbzd8,2856.6666666666665
E19/F20,Skema B,"Uge 11, Lille Dag: Diagonalisering ved ortogonal substition",https://video.dtu.dk/media/Uge+11%2C+Lille+DagA+Diagonalisering+ved+ortogonal+substition/0_falvgyjg/241155,0_falvgyjg,3156.766666666667
E19/F20,Skema B,Uge 11 store dag: Symmetriske matricer Part 2,https://video.dtu.dk/media/Uge+11+store+dagA+Symmetriske+matricer+Part+2/0_x48xuubt/241155,0_x48xuubt,2717.9
E19/F20,Skema B,Uge 11 store dag: Symmetriske matricer Part 1,https://video.dtu.dk/media/Uge+11+store+dagA+Symmetriske+matricer+Part+1/0_wqja25a4/241155,0_wqja25a4,2870.8
E19/F20,Skema B,"Uge 10, Skema B Store dag : Egenværdier og Egenvektorer Del 1",https://video.dtu.dk/media/+Uge+10%2C+Skema+B+Store+dag+A+Egenv%C3%A6rdier+og+Egenvektorer+Del+1/0_opw5upkp/241155,0_opw5upkp,2746.2
E19/F20,Skema B,"Uge 10, Skema B Store dag : Egenværdier og Egenvektorer Del 2",https://video.dtu.dk/media/Uge+10%2C+Skema+B+Store+dag+A+Egenv%C3%A6rdier+og+Egenvektorer+Del+2/0_6dx1qqsg/241155,0_6dx1qqsg,2779.999333333333
E19/F20,Skema B,Uge 9: Lineære 1.ordens differentialligninger part 2,https://video.dtu.dk/media/Uge+9A+Line%C3%A6re+1.ordens+differentialligninger+part+2/0_mambx4z6/241155,0_mambx4z6,2151.2
E19/F20,Skema B,Uge 9: Lineære 1.ordens differentialligninger part 1,https://video.dtu.dk/media/Uge+9A+Line%C3%A6re+1.ordens+differentialligninger+part+1/0_727p8wnc/241155,0_727p8wnc,2943.5333333333333
E19/F20,Skema B,Uge 8 Lilledag Lineære afbildninger,https://video.dtu.dk/media/Uge+8+Lilledag+Line%C3%A6re+afbildninger/0_0uqxuse2/241155,0_0uqxuse2,2749.999333333333
E19/F20,Skema B,"Uge 8, Store Dag: Lineære afbildninger part 2",https://video.dtu.dk/media/Uge+8%2C+Store+DagA+Line%C3%A6re+afbildninger+part+2/0_nfjwh6hb/241155,0_nfjwh6hb,3207.266666666667
E19/F20,Skema B,"Uge 8, Store Dag: Lineære afbildninger part 1",https://video.dtu.dk/media/Uge+8%2C+Store+DagA+Line%C3%A6re+afbildninger+part+1/0_aatmebhb/241155,0_aatmebhb,2846.4333333333334
E19/F20,Skema B,"Mat 1-Uge 7, Hold B, Storedag del 2",https://video.dtu.dk/media/Mat+1-Uge+7%2C+Hold+B%2C+Storedag+del+2/0_sqybf4cz/241155,0_sqybf4cz,3389.999333333333
E19/F20,Skema B,"Mat 1-Uge 7, Hold B Storedag del 1",https://video.dtu.dk/media/Mat+1-Uge+7%2C+Hold+B+Storedag+del+1/0_ruyffj97/241155,0_ruyffj97,2919.999333333333
E19/F20,Skema B,Determinanter og Vektorer Uge 6 Hold B Lilledag,https://video.dtu.dk/media/Determinanter+og+Vektorer+Uge+6+Hold+B+Lilledag/0_xk05pt6b/241155,0_xk05pt6b,3441.999333333333
E19/F20,Skema B,"Uge 6, Store dag: Determinanter og vektor-geometri part 2",https://video.dtu.dk/media/Uge+6%2C+Store+dagA+Determinanter+og+vektor-geometri+part+2/0_0gplim7p/241155,0_0gplim7p,2992.2
E19/F20,Skema B,"Uge 6, Store dag: Determinanter og vektor-geometri part 1",https://video.dtu.dk/media/Uge+6%2C+Store+dagA+Determinanter+og+vektor-geometri+part+1/0_hq09rgjk/241155,0_hq09rgjk,2969.133333333333
E19/F20,Skema B,"Uge 5, Lille Dag: Matrixalgebra",https://video.dtu.dk/media/Uge+5%2C+Lille+DagA+Matrixalgebra/0_lpsk31io/241155,0_lpsk31io,3316.5333333333333
E19/F20,Skema B,"Uge 4, Store Dag: Taylors formler part 1",https://video.dtu.dk/media/Uge+4%2C+Store+DagA+Taylors+formler+part+1/0_n6dgspz4/241155,0_n6dgspz4,3071.4
E19/F20,Skema B,"Uge 4, Store Dag: Taylors formler part 2",https://video.dtu.dk/media/Uge+4%2C+Store+DagA+Taylors+formler+part+2/0_rerswzzm/241155,0_rerswzzm,1431.3666666666666
E19/F20,Skema B,"Matematik 1 - Uge 3 Hold B, Lille Dag: Differentiabilitet",https://video.dtu.dk/media/Matematik+1+-+Uge+3+Hold+B%2C+Lille+DagA+Differentiabilitet/0_s0kqptdz/241155,0_s0kqptdz,3281.999333333333
E19/F20,Skema B,"Uge 3, Store Dag: Polynomier Part 2",https://video.dtu.dk/media/Uge+3%2C+Store+DagA+Polynomier+Part+2/0_xepsf5u7/241155,0_xepsf5u7,2650.5666666666666
E19/F20,Skema B,"Uge 3, Store Dag: Polynomier Part 1",https://video.dtu.dk/media/Uge+3%2C+Store+DagA+Polynomier+Part+1/0_3wr735nv/241155,0_3wr735nv,3158.0666666666666
E19/F20,Skema B,"Uge 2, Lille Dag: Polære koordinater og eksponentialfunktionen, Hold B",https://video.dtu.dk/media/Uge+2%2C+Lille+DagA+Pol%C3%A6re+koordinater+og+eksponentialfunktionen%2C+Hold+B/0_scwuv5e0/241155,0_scwuv5e0,3509.0
E19/F20,Skema B,Matematik 1 - Hold B Uge 2 Del 2,https://video.dtu.dk/media/Matematik+1+-+Hold+B+Uge+2+Del+2/0_abxn9l96/241155,0_abxn9l96,2351.9993333333337
E19/F20,Skema B,Matematik 1 - Hold B Uge 2 Del 1,https://video.dtu.dk/media/Matematik+1+-+Hold+B+Uge+2+Del+1/0_mttvbobu/241155,0_mttvbobu,2881.9993333333337
E19/F20,Skema B,Matematik 1 - Hold B Uge 1 Lilledag,https://video.dtu.dk/media/Matematik+1+-+Hold+B+Uge+1+Lilledag/0_yxe43w3a/241155,0_yxe43w3a,3281.999333333333
E19/F20,Skema B,Matematik 1 - Hold B Uge 1 Del 2,https://video.dtu.dk/media/Matematik+1+-+Hold+B+Uge+1+Del+2/0_qwymjols/241155,0_qwymjols,2409.999333333333
E19/F20,Skema B,Matematik 1 - Hold B Uge 1 Del 1,https://video.dtu.dk/media/Matematik+1+-+Hold+B+Uge+1+Del+1/0_2pxlej2l/241155,0_2pxlej2l,2727.9993333333337
